Hospital_Name,zip_code_3_digits,Admission_type,Home_or_self_care,ccs_diagnosis_description,ccs_procedure_description,apr_drg_description,Surg_Description,Weight_baby,ratio_of_total_costs_to_total_charges,Days_spend_hsptl,Result
Albany Medical Center Hospital,125,Urgent,Home or Self Care,Influenza,NO PROC,Infections of upper respiratory tract,Medical,0,1.34,1,Genuine
St Josephs Hospital Health Center,132,Newborn,Home or Self Care,Liveborn,NO PROC,"Neonate birthwt >2499g, normal newborn or neonate w other problem",Medical,3600,1.07,2,Genuine
Kenmore Mercy Hospital,142,Emergency,Home w/ Home Health Services,Chronic obstructive pulmonary disease and bronchiectasis,HEMODIALYSIS,Chronic obstructive pulmonary disease,Medical,0,1.08,2,Genuine
UPSTATE University Hospital at Community General,132,Emergency,Skilled Nursing Home,Fracture of neck of femur (hip),"TRTMNT,FRAC HIP/FEMUR",Hip and femur fracture repair,Surgical,0,1.46,6,Fraudulent
White Plains Hospital Center,105,Emergency,Inpatient Rehabilitation Facility,Respiratory failure; insufficiency; arrest (adult),RESP INTUB/MECH VENTIL,Respiratory Failure,Medical,0,0.89,11,Fraudulent
Ellis Hospital,123,Elective,Home or Self Care,Other acquired deformities,NO PROC,"Other back & neck disorders, fractures & injuries",Medical,0,0.79,2,Genuine
Buffalo General Medical Center,OOS,Emergency,Home or Self Care,Schizophrenia and other psychotic disorders,NO PROC,Schizophrenia,Medical,0,0.64,14,Genuine
The Unity Hospital of Rochester,144,Elective,Home w/ Home Health Services,Osteoarthritis,ARTHROPLASTY-NOT HIP/KN,"Shoulder, upper arm & forearm procedures except joint replacement",Surgical,0,0.58,1,Fraudulent
Oneida Healthcare Center,133,Urgent,Home or Self Care,Acute cerebrovascular disease,"PHYS THER EXER, MANIPUL",CVA & precerebral occlusion w infarct,Medical,0,0.16,3,Genuine
Mary Imogene Bassett Hospital,120,Urgent,Expired,Other liver diseases,RESP INTUB/MECH VENTIL,Hepatic coma & other major acute liver disorders,Medical,0,0.007,31,Genuine
